Seed Name,Seed Sequence,Active,Schema Name,Table Name
SYSTEM_ENTITY.xls,1,TRUE,,
BASE_TENANT.xls,2,TRUE,,
TENANT.xls,3,TRUE,,
CONFIGURATION_GROUP.xls,4,TRUE,,
CONFIGURATION.xls,5,TRUE,,
SQL_TABLE_META_DATA.xls,6,TRUE,,
CUSTOMER_CATEGORY.xls,7,TRUE,,
SPECIAL_TABLE.xls,8,TRUE,,
ALLOCATION_ENITY_MAPPING.xls,9,TRUE,,
GENERIC_PARAMETER.xls,10,TRUE,,
USERS.xls,11,TRUE,,
EMAIL_INFO.xls,12,TRUE,,
SIMPLE_CONTACT_INFO.xls,13,TRUE,,
USER_PROFILE.xls,14,TRUE,,
PRODUCT_TYPE.xls,15,TRUE,,
DOCUMENT_DEFINITION.xls,16,TRUE,,
DOCUMENT_CHECKLIST.xls,17,TRUE,,
DOCUMENT_CHECKLIST_DEFINITION.xls,18,TRUE,,
JT_GROUP_DOCUMENT_MAPPING.xls,19,TRUE,,
DAILY_SCHEDULE.xls,20,TRUE,,
BRANCH_CALENDAR.xls,21,TRUE,,
HOLIDAY.xls,22,TRUE,,
QUERY_OBJECT_GRAPH_TYPES.xls,23,TRUE,,
QUERY_PARAM.xls,24,TRUE,,
ROLE.xls,25,TRUE,,
AUTHORITY.xls,26,TRUE,,
ROLE_AUTHORITIES.xls,27,TRUE,,
ROLE_USERS.xls,28,TRUE,,
DOCUMENT_PARAMETER_DEFINITION.xls,29,TRUE,,
COUNTRY_GROUP.xls,30,TRUE,,
GEO_REGION.xls,31,TRUE,,
COUNTRY.xls,32,TRUE,,
INTRA_COUNTRY_REGION.xls,33,TRUE,,
STATE.xls,34,TRUE,,
CITY.xls,35,TRUE,,
ZIP_CODE.xls,36,TRUE,,
AREA.xls,37,TRUE,,
DISTRICT.xls,38,TRUE,,
POSTAL_CODE.xls,39,TRUE,,
QUALIFICATION_CLASSIFICATION.xls,40,TRUE,,
QUALIFICATION_SPL.xls,41,TRUE,,
DETAILED_CONTACT_INFO.xls,42,TRUE,,
ADDRESS.xls,43,TRUE,,
ORGANIZATION.xls,44,TRUE,,
PARENT_BRANCH_MAPPING.xls,45,TRUE,,
TEAM.xls,46,TRUE,,
TEAM_USERS.xls,47,TRUE,,
USERBPMAPPING.xls,48,TRUE,,
GENERIC_PARAMETER_AUTHORITIES.xls,49,TRUE,,
USER_ORG_BRANCH_MAPPING.xls,50,TRUE,,
MY_FAVORITES.xls,51,TRUE,,
CURRENCY.xls,52,TRUE,,
CONVERSION_RATE.xls,53,TRUE,,
QUERY_CONTEXT.xls,54,TRUE,,
QUERY_TOKEN.xls,55,TRUE,,
NOTE_CODE.xls,56,TRUE,,
HTML_SANITIZER_POLICY.xls,57,TRUE,,
HTML_ELEMENTS.xls,58,TRUE,,
HTML_ATTRIBUTES.xls,59,TRUE,,
UNFILTERED_REQUEST_URI.xls,60,TRUE,,
UNFILTERED_PARAMETER.xls,61,TRUE,,
ADDITIONAL_BLACK_LIST_PATTERN.xls,62,TRUE,,
AUTHORIZED_GRANT_TYPE.xls,63,TRUE,,
OAUTH_SCOPE.xls,64,TRUE,,
COM_UPDN_PADDING_STRTGY_MST.xls,65,TRUE,,
COM_UPDN_PROCESS_MST.xls,66,TRUE,,
COM_UPDN_BASE_FRMT_IDENT_MST.xls,67,TRUE,,
COM_UPDN_BASE_FRMT_HDR.xls,68,TRUE,,
COM_UPDN_TYPE_DTL.xls,69,TRUE,,
COM_UPDN_USER_FRMT_IDENT_MST.xls,70,TRUE,,
COM_UPDN_USER_FRMT_HDR.xls,71,TRUE,,
COM_UPDN_BASE_FRMT_DTL.xls,72,TRUE,,
COM_UPDN_USER_FRMT_DTL.xls,73,TRUE,,
COM_UPDN_USER_FRMT_IDNTFR.xls,74,TRUE,,
COM_MSTR_DWLD_ENBLE_CONFIG.xls,75,TRUE,,
PASSWORD_CREATION_POLICY.xls,76,TRUE,,
PASSWORD_POLICY_SPEC_CHARS.xls,77,TRUE,,
MESSAGE_RESOURCE.xls,78,TRUE,,
MESSAGE_RESOURCE_VALUE.xls,79,TRUE,,
ABSTRACT_SEED_CONFIG.xls,80,TRUE,,
FORM_CONFIG_ENTITY_DATA.xls,81,TRUE,,
RE_RULE.xls,82,TRUE,,
RE_PARAMETERS.xls,83,TRUE,,
ENTITY_TYPE.xls,84,TRUE,,
CAS_MENU.xls,85,TRUE,,
JS_MESSAGE_RESOURCE_VALUE.xls,86,TRUE,,
URI_UPLOAD_LIMIT_CONFIGURATION.xls,87,TRUE,,
